field	beneficiary	beneficiary_history	inpatient	outpatient	carrier	prescription	DME	IsOptional	
HMO_MO_CNT	0							TRUE	
DUAL_MO_CNT	0							TRUE	
DML_IND	INSERT	INSERT	INSERT	INSERT	INSERT	INSERT		FALSE	
FINAL_ACTION	NULL	NULL	F (F or V)	F	F (F or V)	F	F	FALSE	
NCH_NEAR_LINE_REC_IDENT_CD	NULL	NULL	V (V = inpatient)	W (W=outpatient)	O (O=physician)	NULL	M (DMEPOS)	FALSE	
NCH_CLM_TYPE_CD	NULL	NULL	60 (Always 60 for inpatient claims)	40 (40=outpatient)	"71 (local carrier, non-DME)"	NULL	82 (DMEPOS)	FALSE	
CLAIM_QUERY_CODE	NULL	NULL	"3 (1=Interim, 3=Final, 5=Debit)"	"3 (1=Interim, 3=Final, 5=Debit)"	NULL	NULL	NULL	FALSE	
CLM_FAC_TYPE_CD	NULL	NULL	"1 (1=Hospital, 2=SNF, 7=Dialysis)"	"1 (1=Hospital, 2=SNF, 7=Dialysis)"	NULL	NULL	NULL	FALSE	
CLM_SRVC_CLSFCTN_TYPE_CD	NULL	NULL	1 (depends on value of CLM_FAC_TYPE_CD)	3 (depends on value of CLM_FAC_TYPE_CD)	NULL	NULL	NULL	FALSE	
CLM_FREQ_CD	NULL	NULL	"1 (1=Admit-Discharge, 9=Final)"	"1 (1=Admit-Discharge, 9=Final)"	NULL	NULL	NULL	FALSE	
NCH_BENE_BLOOD_DDCTBL_LBLTY_AM	NULL	NULL	0	0	NULL	NULL	NULL	FALSE	
NCH_PROFNL_CMPNT_CHRG_AMT	NULL	NULL	4 (fixed $ amount?)	4 (fixed $ amount?)	NULL	NULL	NULL	FALSE	
CLM_LINE_NUM	NULL	NULL	1	1	NULL	NULL	NULL	FALSE	
REV_CNTR	NULL	NULL	"0001 (total charge, lots of alternatives)"	"0001 (total charge, lots of alternatives)"	NULL	NULL	NULL	FALSE	
REV_CNTR_UNIT_CNT	NULL	NULL	0	0	NULL	NULL	NULL	FALSE	
REV_CNTR_RATE_AMT	NULL	NULL	0	0	NULL	NULL	NULL	FALSE	
CLM_PASS_THRU_PER_DIEM_AMT	NULL	NULL	10 (fixed $ amount?)	NULL	NULL	NULL	NULL	FALSE	
CLM_NON_UTLZTN_DAYS_CNT	NULL	NULL	0	NULL	NULL	NULL	NULL	FALSE	
NCH_BLOOD_PNTS_FRNSHD_QTY	NULL	NULL	0	NULL	NULL	NULL	NULL	FALSE	
CLM_TOT_PPS_CPTL_AMT	NULL	NULL	0	NULL	NULL	NULL	NULL	TRUE	
CLM_PPS_CPTL_FSP_AMT	NULL	NULL	0	NULL	NULL	NULL	NULL	TRUE	
CLM_PPS_CPTL_OUTLIER_AMT	NULL	NULL	0	NULL	NULL	NULL	NULL	TRUE	
CLM_PPS_CPTL_DSPRPRTNT_SHR_AMT	NULL	NULL	0	NULL	NULL	NULL	NULL	TRUE	
CLM_PPS_CPTL_IME_AMT	NULL	NULL	0	NULL	NULL	NULL	NULL	TRUE	
CLM_PPS_CPTL_EXCPTN_AMT	NULL	NULL	0	NULL	NULL	NULL	NULL	TRUE	
CLM_PPS_OLD_CPTL_HLD_HRMLS_AMT	NULL	NULL	0	NULL	NULL	NULL	NULL	TRUE	
CLM_PPS_CPTL_DRG_WT_NUM	NULL	NULL	0	NULL	NULL	NULL	NULL	TRUE	
BENE_LRD_USED_CNT	NULL	NULL	0	NULL	NULL	NULL	NULL	TRUE	
NCH_DRG_OUTLIER_APRVD_PMT_AMT	NULL	NULL	0	NULL	NULL	NULL	NULL	TRUE	
IME_OP_CLM_VAL_AMT	NULL	NULL	0	NULL	NULL	NULL	NULL	TRUE	
DSH_OP_CLM_VAL_AMT	NULL	NULL	0	NULL	NULL	NULL	NULL	TRUE	
REV_CNTR_NDC_QTY	NULL	NULL	0	0	NULL	NULL	NULL	TRUE	
CARR_CLM_ENTRY_CD	NULL	NULL	NULL	NULL	1	NULL	1	FALSE	
CLM_DISP_CD	NULL	NULL	NULL	NULL	01	NULL	1	FALSE	
CARR_CLM_PMT_DNL_CD	NULL	NULL	NULL	NULL	1 (1=paid to physician)	NULL	1 (1=paid to physician)	FALSE	
NCH_CLM_BENE_PMT_AMT	NULL	NULL	NULL	NULL	0	NULL	0	FALSE	
LINE_NUM	NULL	NULL	NULL	NULL	1	NULL	1	FALSE	
CARR_LINE_PRVDR_TYPE_CD	NULL	NULL	NULL	NULL	0	NULL	NULL	FALSE	
CARR_LINE_RDCD_PMT_PHYS_ASTN_C	NULL	NULL	NULL	NULL	0	NULL	NULL	FALSE	
LINE_CMS_TYPE_SRVC_CD	NULL	NULL	NULL	NULL	1	NULL	"(These mapped by Jay? Can be A = used DME, P = purchased, or R = rental)"	FALSE	
LINE_PLACE_OF_SRVC_CD	NULL	NULL	NULL	NULL	11 (11=office)	NULL	11 (11=office)	FALSE	
LINE_BENE_PMT_AMT	NULL	NULL	NULL	NULL	0	NULL	0	FALSE	
LINE_BENE_PRMRY_PYR_PD_AMT	NULL	NULL	NULL	NULL	0	NULL	1	FALSE	
CARR_LINE_ANSTHSA_UNIT_CNT	NULL	NULL	NULL	NULL	0	NULL	NULL	FALSE	
SRVC_PRVDR_ID_QLFYR_CD	NULL	NULL	NULL	NULL	NULL	01 (undefined)	NULL	FALSE	
PRSCRBR_ID_QLFYR_CD	NULL	NULL	NULL	NULL	NULL	01 (NPI)	NULL	FALSE	
PLAN_PBP_REC_NUM	NULL	NULL	NULL	NULL	NULL	999	NULL	FALSE	
CMPND_CD	NULL	NULL	NULL	NULL	NULL	(Mapped from Rxnorm)	NULL	FALSE	
DRUG_CVRG_STUS_CD	NULL	NULL	NULL	NULL	NULL	C	NULL	FALSE	
OTHR_TROOP_AMT	NULL	NULL	NULL	NULL	NULL	0	NULL	FALSE	
LICS_AMT	NULL	NULL	NULL	NULL	NULL	0	NULL	FALSE	
PLRO_AMT	NULL	NULL	NULL	NULL	NULL	0	NULL	FALSE	
RPTD_GAP_DSCNT_NUM	NULL	NULL	NULL	NULL	NULL	0	NULL	FALSE	
PHRMCY_SRVC_TYPE_CD	NULL	NULL	NULL	NULL	NULL	"01,02,03,04,05,06,07,08 (random value between 01 and 08)"	NULL	FALSE	
BENE_BIRTH_DT	Coded	Coded	NULL	NULL	NULL	NULL	NULL	FALSE	
BENE_COUNTY_CD	Coded	Coded	NULL	NULL	NULL	NULL	NULL	TRUE/FALSE	
BENE_CRNT_HIC_NUM	Coded	Coded	NULL	NULL	NULL	NULL	NULL	FALSE	
BENE_GVN_NAME	Coded	Coded	NULL	NULL	NULL	NULL	NULL	TRUE/FALSE	
BENE_ID	Coded	Coded	Coded	Coded	Coded	Coded	"fieldValues.put(DMEFields.BENE_ID, (String) person.attributes.get(BB2_BENE_ID))"	TRUE/FALSE	
BENE_MBI_ID	NULL	NULL	NULL	NULL	NULL	NULL	NULL	FALSE	
BENE_SEX_IDENT_CD	"1,2"	"1,2"	NULL	NULL	NULL	NULL	NULL	FALSE	
BENE_SRNM_NAME	Coded	Coded	NULL	NULL	NULL	NULL	NULL	TRUE/FALSE	
BENE_TOT_COINSRNC_DAYS_CNT	NULL	NULL		NULL	NULL	NULL	NULL	FALSE	
BENE_ZIP_CD	Coded	Coded	NULL	NULL	NULL	NULL	NULL	TRUE/FALSE	
CARR_CLM_CASH_DDCTBL_APLD_AMT	NULL	NULL	NULL	NULL		NULL		FALSE	
CARR_CLM_PRMRY_PYR_PD_AMT	NULL	NULL	NULL	NULL		NULL		FALSE	
CARR_CLM_PRVDR_ASGNMT_IND_SW	NULL	NULL	NULL	NULL	A (assigned)	NULL	A (assigned)	TRUE/FALSE	
CARR_CLM_RFRNG_PIN_NUM	NULL	NULL	NULL	NULL		NULL	NULL	FALSE	
CARR_LINE_MTUS_CNT	NULL	NULL	NULL	NULL		NULL	NULL	FALSE	
CARR_LINE_PRCNG_LCLTY_CD	NULL	NULL	NULL	NULL	(Mapped from carrier geography)	NULL	NULL	FALSE	
CARR_NUM	NULL	NULL	NULL	NULL	Coded	NULL	"fieldValues.put(DMEFields.CARR_NUM, getCarrier(encounter.provider.state, DMEFields.CARR_NUM))"	FALSE	UNSURE OF CODE (ASK HOWARD)
CARR_PRFRNG_PIN_NUM	NULL	NULL	NULL	NULL		NULL	NULL	FALSE	
CLM_DRG_OUTLIER_STAY_CD	NULL	NULL	0	NULL	NULL	NULL	NULL	FALSE	
CLM_FROM_DT	NULL	NULL	[bb2Date_EncounterStartTimestamp]	Coded	Coded	NULL	"fieldValues.put(DMEFields.CLM_FROM_DT, bb2DateFromTimestamp(devices.start))"	FALSE	
CLM_GRP_ID	NULL	NULL	Coded	Coded	Coded	Coded	"fieldValues.put(DMEFields.CLM_GRP_ID, """" + claimGroupId)"	FALSE	
CLM_HHA_TOT_VISIT_CNT	NULL	NULL	NULL	NULL	NULL	NULL	NULL	FALSE	
CLM_ID	NULL	NULL	Coded	Coded	Coded	NULL	"fieldValues.put(DMEFields.CLM_ID, """" + claimId);"	FALSE	
CLM_IP_ADMSN_TYPE_CD	NULL	NULL	"1,2,3"	NULL	NULL	NULL	NULL	FALSE	
CLM_OP_BENE_PMT_AMT	NULL	NULL	NULL	0	NULL	NULL	NULL	FALSE	
CLM_OP_PRVDR_PMT_AMT	NULL	NULL	NULL	"fieldValues.put(OutpatientFields.CLM_OP_PRVDR_PMT_AMT, String.format(""%.2f"",encounter.claim.getTotalClaimCost()))"	NULL	NULL	NULL	FALSE	
CLM_PMT_AMT	NULL	NULL	Coded	Coded	Coded	NULL	(Need costs in devices table)	FALSE	
CLM_PPS_IND_CD	NULL	NULL	[Blank]	NULL	NULL	NULL	NULL	TRUE/FALSE	
CLM_THRU_DT	NULL	NULL	[bb2Date_EncounterStopTimestamp]			NULL		FALSE	
CLM_TOT_CHRG_AMT	NULL	NULL			NULL	NULL	NULL	FALSE	
CLM_UTLZTN_DAY_CNT	NULL	NULL		NULL	NULL	NULL	NULL	FALSE	
CVRD_D_PLAN_PD_AMT	NULL	NULL	NULL	NULL	NULL		NULL	FALSE	
DAW_PROD_SLCTN_CD	NULL	NULL	NULL	NULL	NULL	"0,1,2,3,4,5,6,7,8,9"	NULL	FALSE	
DAYS_SUPLY_NUM	NULL	NULL	NULL	NULL	NULL	"5,15,30"	NULL	FALSE	
DMERC_LINE_MTUS_CNT	NULL	NULL	NULL	NULL	NULL	NULL		FALSE	
FILL_NUM	NULL	NULL	NULL	NULL	NULL	"0,0,1,2"	NULL	FALSE	
GDC_ABV_OOPT_AMT	NULL	NULL	NULL	NULL	NULL		NULL	FALSE	
GDC_BLW_OOPT_AMT	NULL	NULL	NULL	NULL	NULL		NULL	FALSE	
LINE_ALOWD_CHRG_AMT	NULL	NULL	NULL	NULL		NULL		FALSE	
LINE_BENE_PTB_DDCTBL_AMT	NULL	NULL	NULL	NULL		NULL		FALSE	
LINE_COINSRNC_AMT	NULL	NULL	NULL	NULL		NULL		FALSE	
LINE_DME_PRCHS_PRICE_AMT	NULL	NULL	NULL	NULL	NULL	NULL		FALSE	
LINE_HCT_HGB_RSLT_NUM	NULL	NULL	NULL	NULL		NULL		FALSE	
LINE_NCH_PMT_AMT	NULL	NULL	NULL	NULL		NULL		FALSE	
LINE_PRMRY_ALOWD_CHRG_AMT	NULL	NULL	NULL	NULL	NULL	NULL		FALSE	
LINE_PRVDR_PMT_AMT	NULL	NULL	NULL	NULL		NULL		FALSE	
LINE_SBMTD_CHRG_AMT	NULL	NULL	NULL	NULL		NULL		FALSE	
LINE_SRVC_CNT	NULL	NULL	NULL	NULL		NULL		FALSE	
NCH_BENE_IP_DDCTBL_AMT	NULL	NULL		NULL	NULL	NULL	NULL	FALSE	
NCH_BENE_PTA_COINSRNC_LBLTY_AM	NULL	NULL		NULL	NULL	NULL	NULL	FALSE	
NCH_BENE_PTB_COINSRNC_AMT	NULL	NULL	NULL	"0,10,20"	NULL	NULL	NULL	FALSE	
NCH_BENE_PTB_DDCTBL_AMT	NULL	NULL	NULL		NULL	NULL	NULL	FALSE	
NCH_CARR_CLM_ALOWD_AMT	NULL	NULL	NULL	NULL		NULL		FALSE	
NCH_CARR_CLM_SBMTD_CHRG_AMT	NULL	NULL	NULL	NULL		NULL		FALSE	
NCH_CLM_PRVDR_PMT_AMT	NULL	NULL	NULL	NULL		NULL		FALSE	
NCH_IP_NCVRD_CHRG_AMT	NULL	NULL		NULL	NULL	NULL	NULL	FALSE	
NCH_IP_TOT_DDCTN_AMT	NULL	NULL		NULL	NULL	NULL	NULL	FALSE	
NCH_PRMRY_PYR_CLM_PD_AMT	NULL	NULL	(logic exists for inpatient)	(logic exists for inpatient)	NULL	NULL	NULL	FALSE	
NCH_WKLY_PROC_DT	NULL	NULL				NULL		FALSE	
NCVRD_PLAN_PD_AMT	NULL	NULL	NULL	NULL	NULL		NULL	FALSE	
PDE_ID	NULL	NULL	NULL	NULL	NULL		NULL	FALSE	
PLAN_CNTRCT_REC_ID	NULL	NULL	NULL	NULL	NULL		NULL	FALSE	
PROD_SRVC_ID	NULL	NULL	NULL	NULL	NULL	(RxNorm to NDC)	NULL	FALSE	
PRSCRBR_ID	NULL	NULL	NULL	NULL	NULL		NULL	FALSE	
PRVDR_NUM	NULL	NULL			NULL	NULL	NULL	TRUE/FALSE	
PRVDR_STATE_CD	NULL	NULL			NULL	NULL		TRUE/FALSE	
PTNT_DSCHRG_STUS_CD	NULL	NULL		NULL	NULL	NULL	NULL	TRUE/FALSE	
PTNT_PAY_AMT	NULL	NULL	NULL	NULL	NULL		NULL	FALSE	
PTNT_RSDNC_CD	NULL	NULL	NULL	NULL	NULL	"0,1,2,3,4,5,6,7,8,9,10,11,12,13,14,15"	NULL	FALSE	
QTY_DSPNSD_NUM	NULL	NULL	NULL	NULL	NULL	"5,15,30"	NULL	FALSE	
REV_CNTR_1ST_MSP_PD_AMT	NULL	NULL	NULL	0	NULL	NULL	NULL	FALSE	
REV_CNTR_2ND_MSP_PD_AMT	NULL	NULL	NULL	0	NULL	NULL	NULL	FALSE	
REV_CNTR_BENE_PMT_AMT	NULL	NULL	NULL	0	NULL	NULL	NULL	FALSE	
REV_CNTR_BLOOD_DDCTBL_AMT	NULL	NULL	NULL	0	NULL	NULL	NULL	FALSE	
REV_CNTR_CASH_DDCTBL_AMT	NULL	NULL	NULL		NULL	NULL	NULL	FALSE	
REV_CNTR_COINSRNC_WGE_ADJSTD_C	NULL	NULL	NULL		NULL	NULL	NULL	FALSE	
REV_CNTR_NCVRD_CHRG_AMT	NULL	NULL			NULL	NULL	NULL	TRUE/FALSE	
REV_CNTR_PMT_AMT_AMT	NULL	NULL	NULL		NULL	NULL	NULL	FALSE	
REV_CNTR_PRVDR_PMT_AMT	NULL	NULL	NULL		NULL	NULL	NULL	FALSE	
REV_CNTR_PTNT_RSPNSBLTY_PMT	NULL	NULL	NULL		NULL	NULL	NULL	FALSE	
REV_CNTR_RDCD_COINSRNC_AMT	NULL	NULL	NULL		NULL	NULL	NULL	FALSE	
REV_CNTR_TOT_CHRG_AMT	NULL	NULL			NULL	NULL	NULL	FALSE	
RX_SRVC_RFRNC_NUM	NULL	NULL	NULL	NULL	NULL		NULL	FALSE	
SRVC_DT	NULL	NULL	NULL	NULL	NULL		NULL	FALSE	
SRVC_PRVDR_ID	NULL	NULL	NULL	NULL	NULL		NULL	FALSE	
STATE_CODE		NULL	NULL	NULL	NULL	NULL	NULL	TRUE/FALSE	
TAX_NUM	NULL	NULL	NULL	NULL		NULL		FALSE	
TOT_RX_CST_AMT	NULL	NULL	NULL	NULL	NULL		NULL	FALSE	
A_MO_CNT		NULL	NULL	NULL	NULL	NULL	NULL	TRUE	
ADJSTMT_DLTN_CD	NULL	NULL	NULL	NULL	NULL	[Blank]	NULL	TRUE	
ADMTG_DGNS_CD	NULL	NULL		NULL	NULL	NULL	NULL	TRUE	
ADMTG_DGNS_VRSN_CD	NULL	NULL		NULL	NULL	NULL	NULL	TRUE	
AGE		NULL	NULL	NULL	NULL	NULL	NULL	TRUE	
AT_PHYSN_NPI	NULL	NULL			NULL	NULL	NULL	TRUE	
AT_PHYSN_UPIN	NULL	NULL			NULL	NULL	NULL	TRUE	
B_MO_CNT		NULL	NULL	NULL	NULL	NULL	NULL	TRUE	
BENE_CLM_ACNT_NUM	NULL	NULL	NULL	NULL	NULL	NULL	NULL	TRUE	
BENE_CRNT_REC_IND_ID	NULL	NULL	NULL	NULL	NULL	NULL	NULL	TRUE	
BENE_ENTLMT_RSN_CURR			NULL	NULL	NULL	NULL	NULL	TRUE	
BENE_ENTLMT_RSN_ORIG			NULL	NULL	NULL	NULL	NULL	TRUE	
BENE_ESRD_IND			NULL	NULL	NULL	NULL	NULL	TRUE	
BENE_HOSPC_PRD_CNT	NULL	NULL	NULL	NULL	NULL	NULL	NULL	TRUE	
BENE_IDENT_CD	NULL	NULL	NULL	NULL	NULL	NULL	NULL	TRUE	
BENE_MDCR_STATUS_CD	"10,10,11,20,20,21"	"10,10,11,20,20,21"	NULL	NULL	NULL	NULL	NULL	TRUE	
BENE_MDL_NAME			NULL	NULL	NULL	NULL	NULL	TRUE	
BENE_PTA_TRMNTN_CD	"[if (patients.DEATHDATE = null) {fieldValues.put(BeneficiaryFields.BENE_PTA_TRMNTN_CD,""0"")} else {fieldValues.put(BeneficiaryFields.BENE_PTA_TRMNTN_CD,""1"")}]"	"[if (patients.DEATHDATE = null) {fieldValues.put(BeneficiaryHistoryFields.BENE_PTA_TRMNTN_CD,""0"")} else {fieldValues.put(BeneficiaryHistoryFields.BENE_PTA_TRMNTN_CD,""1"")}]"	NULL	NULL	NULL	NULL	NULL	TRUE	
BENE_PTB_TRMNTN_CD	"[if (patients.DEATHDATE = null) {fieldValues.put(BeneficiaryFields.BENE_PTB_TRMNTN_CD,""0"")} else {fieldValues.put(BeneficiaryFields.BENE_PTB_TRMNTN_CD,""1"")}]"	"[if (patients.DEATHDATE = null) {fieldValues.put(BeneficiaryHistoryFields.BENE_PTB_TRMNTN_CD,""0"")} else {fieldValues.put(BeneficiaryHistoryFields.BENE_PTB_TRMNTN_CD,""1"")}]"	NULL	NULL	NULL	NULL	NULL	TRUE	
BENE_RACE_CD	Coded	Coded	NULL	NULL	NULL	NULL	NULL	TRUE	
BETOS_CD	NULL	NULL	NULL	(need to code: complex mapping)	NULL	NULL	(complex mapping)	TRUE	
BRND_GNRC_CD	NULL	NULL	NULL	NULL	NULL	"B,G (B = brand, G = generic)"	NULL	TRUE	
BUYIN_MO_CNT		NULL	NULL	NULL	NULL	NULL	NULL	TRUE	
CARR_CLM_HCPCS_YR_CD	NULL	NULL	NULL	NULL	1 (2021)	NULL	1 (1 = 2021)	TRUE	
CARR_LINE_CLIA_LAB_NUM	NULL	NULL	NULL	NULL		NULL	NULL	TRUE	
CARR_LINE_MTUS_CD	NULL	NULL	NULL	NULL	(mapped from line items)	NULL	NULL	TRUE	
CARR_LINE_RX_NUM	NULL	NULL	NULL	NULL		NULL	NULL	TRUE	
CLM_ADMSN_DT	NULL	NULL	[bb2Date_EncounterStartTimestamp]	NULL	NULL	NULL	NULL	TRUE	
CLM_CLNCL_TRIL_NUM	NULL	NULL	NULL	NULL		NULL		TRUE	SKIP
CLM_DRG_CD	NULL	NULL		NULL	NULL	NULL	NULL	TRUE	
CLM_E_POA_IND_SW1	NULL	NULL	N (N = diagnosis not present on admission)	NULL	NULL	NULL	NULL	TRUE	
CLM_E_POA_IND_SW10	NULL	NULL	NULL	NULL	NULL	NULL	NULL	TRUE	
CLM_E_POA_IND_SW11	NULL	NULL	NULL	NULL	NULL	NULL	NULL	TRUE	
CLM_E_POA_IND_SW12	NULL	NULL	NULL	NULL	NULL	NULL	NULL	TRUE	
CLM_E_POA_IND_SW2	NULL	NULL	N (N = diagnosis not present on admission)	NULL	NULL	NULL	NULL	TRUE	
CLM_E_POA_IND_SW3	NULL	NULL	NULL	NULL	NULL	NULL	NULL	TRUE	
CLM_E_POA_IND_SW4	NULL	NULL	NULL	NULL	NULL	NULL	NULL	TRUE	
CLM_E_POA_IND_SW5	NULL	NULL	NULL	NULL	NULL	NULL	NULL	TRUE	
CLM_E_POA_IND_SW6	NULL	NULL	NULL	NULL	NULL	NULL	NULL	TRUE	
CLM_E_POA_IND_SW7	NULL	NULL	NULL	NULL	NULL	NULL	NULL	TRUE	
CLM_E_POA_IND_SW8	NULL	NULL	NULL	NULL	NULL	NULL	NULL	TRUE	
CLM_E_POA_IND_SW9	NULL	NULL	NULL	NULL	NULL	NULL	NULL	TRUE	
CLM_HHA_LUPA_IND_CD	NULL	NULL	NULL	NULL	NULL	NULL	NULL	TRUE	
CLM_HHA_RFRL_CD	NULL	NULL	NULL	NULL	NULL	NULL	NULL	TRUE	
CLM_HOSPC_START_DT_ID	NULL	NULL	NULL	NULL	NULL	NULL	NULL	TRUE	
CLM_MCO_PD_SW	NULL	NULL	0 (0 = No managed care organization (MCO) payment)	0 (0 = No managed care organization (MCO) payment)	NULL	NULL	NULL	TRUE	
CLM_MDCR_NON_PMT_RSN_CD	NULL	NULL	[Blank]	[Blank]	NULL	NULL	NULL	TRUE	
CLM_POA_IND_SW1	NULL	NULL	N (N = diagnosis not present on admission)	NULL	NULL	NULL	NULL	TRUE	
CLM_POA_IND_SW10	NULL	NULL	NULL	NULL	NULL	NULL	NULL	TRUE	
CLM_POA_IND_SW11	NULL	NULL	NULL	NULL	NULL	NULL	NULL	TRUE	
CLM_POA_IND_SW12	NULL	NULL	NULL	NULL	NULL	NULL	NULL	TRUE	
CLM_POA_IND_SW13	NULL	NULL	NULL	NULL	NULL	NULL	NULL	TRUE	
CLM_POA_IND_SW14	NULL	NULL	NULL	NULL	NULL	NULL	NULL	TRUE	
CLM_POA_IND_SW15	NULL	NULL	NULL	NULL	NULL	NULL	NULL	TRUE	
CLM_POA_IND_SW16	NULL	NULL	NULL	NULL	NULL	NULL	NULL	TRUE	
CLM_POA_IND_SW17	NULL	NULL	NULL	NULL	NULL	NULL	NULL	TRUE	
CLM_POA_IND_SW18	NULL	NULL	NULL	NULL	NULL	NULL	NULL	TRUE	
CLM_POA_IND_SW19	NULL	NULL	NULL	NULL	NULL	NULL	NULL	TRUE	
CLM_POA_IND_SW2	NULL	NULL	N (N = diagnosis not present on admission)	NULL	NULL	NULL	NULL	TRUE	
CLM_POA_IND_SW20	NULL	NULL	NULL	NULL	NULL	NULL	NULL	TRUE	
CLM_POA_IND_SW21	NULL	NULL	NULL	NULL	NULL	NULL	NULL	TRUE	
CLM_POA_IND_SW22	NULL	NULL	NULL	NULL	NULL	NULL	NULL	TRUE	
CLM_POA_IND_SW23	NULL	NULL	NULL	NULL	NULL	NULL	NULL	TRUE	
CLM_POA_IND_SW24	NULL	NULL	NULL	NULL	NULL	NULL	NULL	TRUE	
CLM_POA_IND_SW25	NULL	NULL	NULL	NULL	NULL	NULL	NULL	TRUE	
CLM_POA_IND_SW3	NULL	NULL	NULL	NULL	NULL	NULL	NULL	TRUE	
CLM_POA_IND_SW4	NULL	NULL	NULL	NULL	NULL	NULL	NULL	TRUE	
CLM_POA_IND_SW5	NULL	NULL	NULL	NULL	NULL	NULL	NULL	TRUE	
CLM_POA_IND_SW6	NULL	NULL	NULL	NULL	NULL	NULL	NULL	TRUE	
CLM_POA_IND_SW7	NULL	NULL	NULL	NULL	NULL	NULL	NULL	TRUE	
CLM_POA_IND_SW8	NULL	NULL	NULL	NULL	NULL	NULL	NULL	TRUE	
CLM_POA_IND_SW9	NULL	NULL	NULL	NULL	NULL	NULL	NULL	TRUE	
CLM_SRC_IP_ADMSN_CD	NULL	NULL	"1,2,4,5"	NULL	NULL	NULL	NULL	TRUE	
COVSTART		NULL	NULL	NULL	NULL	NULL	NULL	TRUE	
CREAT_TS	NULL	NULL	NULL	NULL	NULL	NULL	NULL	TRUE	
CREAT_USER_ID	NULL	NULL	NULL	NULL	NULL	NULL	NULL	TRUE	
CRNT_BIC		NULL	NULL	NULL	NULL	NULL	NULL	TRUE	
CST_SHR_GRP_APR_CD	"01,02,03,04,05,06,07,08,09,10,13"	NULL	NULL	NULL	NULL	NULL	NULL	TRUE	Could make copayment match these designations
CST_SHR_GRP_AUG_CD	"01,02,03,04,05,06,07,08,09,10,14"	NULL	NULL	NULL	NULL	NULL	NULL	TRUE	Could make copayment match these designations
CST_SHR_GRP_DEC_CD	"01,02,03,04,05,06,07,08,09,10,15"	NULL	NULL	NULL	NULL	NULL	NULL	TRUE	Could make copayment match these designations
CST_SHR_GRP_FEB_CD	"01,02,03,04,05,06,07,08,09,10,16"	NULL	NULL	NULL	NULL	NULL	NULL	TRUE	Could make copayment match these designations
CST_SHR_GRP_JAN_CD	"01,02,03,04,05,06,07,08,09,10,17"	NULL	NULL	NULL	NULL	NULL	NULL	TRUE	Could make copayment match these designations
CST_SHR_GRP_JUL_CD	"01,02,03,04,05,06,07,08,09,10,18"	NULL	NULL	NULL	NULL	NULL	NULL	TRUE	Could make copayment match these designations
CST_SHR_GRP_JUN_CD	"01,02,03,04,05,06,07,08,09,10,19"	NULL	NULL	NULL	NULL	NULL	NULL	TRUE	Could make copayment match these designations
CST_SHR_GRP_MAR_CD	"01,02,03,04,05,06,07,08,09,10,20"	NULL	NULL	NULL	NULL	NULL	NULL	TRUE	Could make copayment match these designations
CST_SHR_GRP_MAY_CD	"01,02,03,04,05,06,07,08,09,10,21"	NULL	NULL	NULL	NULL	NULL	NULL	TRUE	Could make copayment match these designations
CST_SHR_GRP_NOV_CD	"01,02,03,04,05,06,07,08,09,10,22"	NULL	NULL	NULL	NULL	NULL	NULL	TRUE	Could make copayment match these designations
CST_SHR_GRP_OCT_CD	"01,02,03,04,05,06,07,08,09,10,23"	NULL	NULL	NULL	NULL	NULL	NULL	TRUE	Could make copayment match these designations
CST_SHR_GRP_SEPT_CD	"01,02,03,04,05,06,07,08,09,10,24"	NULL	NULL	NULL	NULL	NULL	NULL	TRUE	Could make copayment match these designations
CTSTRPHC_CVRG_CD	NULL	NULL	NULL	NULL	NULL	[Blank]	NULL	TRUE	
DEATH_DT	Coded	NULL	NULL	NULL	NULL	NULL	NULL	TRUE	
DMERC_LINE_MTUS_CD	NULL	NULL	NULL	NULL	NULL	NULL	0	TRUE	
DMERC_LINE_PRCNG_STATE_CD	NULL	NULL	NULL	NULL	NULL	NULL	"fieldValues.put(DMEFields.DMERC_LINE_PRCNG_STATE_CD, locationMapper.getStateCode((String)person.attributes.get(Person.STATE)))"	TRUE	
DMERC_LINE_SCRN_SVGS_AMT	NULL	NULL	NULL	NULL	NULL	NULL		TRUE	
DMERC_LINE_SUPPLR_TYPE_CD	NULL	NULL	NULL	NULL	NULL	NULL	"0,1,2,3,4,5,6,7,8"	TRUE	
DSPNSNG_STUS_CD	NULL	NULL	NULL	NULL	NULL	[Blank]	NULL	TRUE	
EFIVEPCT	[Blank]	NULL	NULL	NULL	NULL	NULL	NULL	TRUE	
ENRL_SRC		NULL	NULL	NULL	NULL	NULL	NULL	TRUE	
FI_CLM_ACTN_CD	NULL	NULL		NULL	NULL	NULL	NULL	TRUE	
FI_CLM_PROC_DT	NULL	NULL			NULL	NULL	NULL	TRUE	
FI_NUM	NULL	NULL			NULL	NULL	NULL	TRUE	
FIPS_STATE_CNTY_APR_CD		NULL	NULL	NULL	NULL	NULL	NULL	TRUE	
FIPS_STATE_CNTY_AUG_CD		NULL	NULL	NULL	NULL	NULL	NULL	TRUE	
FIPS_STATE_CNTY_DEC_CD		NULL	NULL	NULL	NULL	NULL	NULL	TRUE	
FIPS_STATE_CNTY_FEB_CD		NULL	NULL	NULL	NULL	NULL	NULL	TRUE	
FIPS_STATE_CNTY_JAN_CD		NULL	NULL	NULL	NULL	NULL	NULL	TRUE	
FIPS_STATE_CNTY_JUL_CD		NULL	NULL	NULL	NULL	NULL	NULL	TRUE	
FIPS_STATE_CNTY_JUN_CD		NULL	NULL	NULL	NULL	NULL	NULL	TRUE	
FIPS_STATE_CNTY_MAR_CD		NULL	NULL	NULL	NULL	NULL	NULL	TRUE	
FIPS_STATE_CNTY_MAY_CD		NULL	NULL	NULL	NULL	NULL	NULL	TRUE	
FIPS_STATE_CNTY_NOV_CD		NULL	NULL	NULL	NULL	NULL	NULL	TRUE	
FIPS_STATE_CNTY_OCT_CD		NULL	NULL	NULL	NULL	NULL	NULL	TRUE	
FIPS_STATE_CNTY_SEPT_CD		NULL	NULL	NULL	NULL	NULL	NULL	TRUE	
FST_DGNS_E_CD	NULL	NULL			NULL	NULL	NULL	TRUE	
FST_DGNS_E_VRSN_CD	NULL	NULL			NULL	NULL	NULL	TRUE	
HCPCS_1ST_MDFR_CD	NULL	NULL	NULL			NULL		TRUE	
HCPCS_2ND_MDFR_CD	NULL	NULL	NULL			NULL		TRUE	
HCPCS_3RD_MDFR_CD	NULL	NULL	NULL	NULL	NULL	NULL		TRUE	
HCPCS_4TH_MDFR_CD	NULL	NULL	NULL	NULL	NULL	NULL		TRUE	
HCPCS_CD	NULL	NULL				NULL		TRUE	
HMO_1_IND		NULL	NULL	NULL	NULL	NULL	NULL	TRUE	
HMO_10_IND		NULL	NULL	NULL	NULL	NULL	NULL	TRUE	
HMO_11_IND		NULL	NULL	NULL	NULL	NULL	NULL	TRUE	
HMO_12_IND		NULL	NULL	NULL	NULL	NULL	NULL	TRUE	
HMO_2_IND		NULL	NULL	NULL	NULL	NULL	NULL	TRUE	
HMO_3_IND		NULL	NULL	NULL	NULL	NULL	NULL	TRUE	
HMO_4_IND		NULL	NULL	NULL	NULL	NULL	NULL	TRUE	
HMO_5_IND		NULL	NULL	NULL	NULL	NULL	NULL	TRUE	
HMO_6_IND		NULL	NULL	NULL	NULL	NULL	NULL	TRUE	
HMO_7_IND		NULL	NULL	NULL	NULL	NULL	NULL	TRUE	
HMO_8_IND		NULL	NULL	NULL	NULL	NULL	NULL	TRUE	
HMO_9_IND		NULL	NULL	NULL	NULL	NULL	NULL	TRUE	
HPSA_SCRCTY_IND_CD	NULL	NULL	NULL	NULL		NULL	NULL	TRUE	
ICD_DGNS_CD1	NULL	NULL				NULL		TRUE	
ICD_DGNS_CD10	NULL	NULL				NULL		TRUE	
ICD_DGNS_CD11	NULL	NULL				NULL		TRUE	
ICD_DGNS_CD12	NULL	NULL				NULL		TRUE	
ICD_DGNS_CD13	NULL	NULL			NULL	NULL	NULL	TRUE	
ICD_DGNS_CD14	NULL	NULL			NULL	NULL	NULL	TRUE	
ICD_DGNS_CD15	NULL	NULL			NULL	NULL	NULL	TRUE	
ICD_DGNS_CD16	NULL	NULL			NULL	NULL	NULL	TRUE	
ICD_DGNS_CD17	NULL	NULL			NULL	NULL	NULL	TRUE	
ICD_DGNS_CD18	NULL	NULL			NULL	NULL	NULL	TRUE	
ICD_DGNS_CD19	NULL	NULL			NULL	NULL	NULL	TRUE	
ICD_DGNS_CD2	NULL	NULL				NULL		TRUE	
ICD_DGNS_CD20	NULL	NULL			NULL	NULL	NULL	TRUE	
ICD_DGNS_CD21	NULL	NULL			NULL	NULL	NULL	TRUE	
ICD_DGNS_CD22	NULL	NULL			NULL	NULL	NULL	TRUE	
ICD_DGNS_CD23	NULL	NULL			NULL	NULL	NULL	TRUE	
ICD_DGNS_CD24	NULL	NULL			NULL	NULL	NULL	TRUE	
ICD_DGNS_CD25	NULL	NULL			NULL	NULL	NULL	TRUE	
ICD_DGNS_CD3	NULL	NULL				NULL		TRUE	
ICD_DGNS_CD4	NULL	NULL				NULL		TRUE	
ICD_DGNS_CD5	NULL	NULL				NULL		TRUE	
ICD_DGNS_CD6	NULL	NULL				NULL		TRUE	
ICD_DGNS_CD7	NULL	NULL				NULL		TRUE	
ICD_DGNS_CD8	NULL	NULL				NULL		TRUE	
ICD_DGNS_CD9	NULL	NULL				NULL		TRUE	
ICD_DGNS_E_CD1	NULL	NULL			NULL	NULL	NULL	TRUE	
ICD_DGNS_E_CD10	NULL	NULL			NULL	NULL	NULL	TRUE	
ICD_DGNS_E_CD11	NULL	NULL			NULL	NULL	NULL	TRUE	
ICD_DGNS_E_CD12	NULL	NULL			NULL	NULL	NULL	TRUE	
ICD_DGNS_E_CD2	NULL	NULL			NULL	NULL	NULL	TRUE	
ICD_DGNS_E_CD3	NULL	NULL			NULL	NULL	NULL	TRUE	
ICD_DGNS_E_CD4	NULL	NULL			NULL	NULL	NULL	TRUE	
ICD_DGNS_E_CD5	NULL	NULL			NULL	NULL	NULL	TRUE	
ICD_DGNS_E_CD6	NULL	NULL			NULL	NULL	NULL	TRUE	
ICD_DGNS_E_CD7	NULL	NULL			NULL	NULL	NULL	TRUE	
ICD_DGNS_E_CD8	NULL	NULL			NULL	NULL	NULL	TRUE	
ICD_DGNS_E_CD9	NULL	NULL			NULL	NULL	NULL	TRUE	
ICD_DGNS_E_VRSN_CD1	NULL	NULL			NULL	NULL	NULL	TRUE	
ICD_DGNS_E_VRSN_CD10	NULL	NULL			NULL	NULL	NULL	TRUE	
ICD_DGNS_E_VRSN_CD11	NULL	NULL			NULL	NULL	NULL	TRUE	
ICD_DGNS_E_VRSN_CD12	NULL	NULL			NULL	NULL	NULL	TRUE	
ICD_DGNS_E_VRSN_CD2	NULL	NULL			NULL	NULL	NULL	TRUE	
ICD_DGNS_E_VRSN_CD3	NULL	NULL			NULL	NULL	NULL	TRUE	
ICD_DGNS_E_VRSN_CD4	NULL	NULL			NULL	NULL	NULL	TRUE	
ICD_DGNS_E_VRSN_CD5	NULL	NULL			NULL	NULL	NULL	TRUE	
ICD_DGNS_E_VRSN_CD6	NULL	NULL			NULL	NULL	NULL	TRUE	
ICD_DGNS_E_VRSN_CD7	NULL	NULL			NULL	NULL	NULL	TRUE	
ICD_DGNS_E_VRSN_CD8	NULL	NULL			NULL	NULL	NULL	TRUE	
ICD_DGNS_E_VRSN_CD9	NULL	NULL			NULL	NULL	NULL	TRUE	
ICD_DGNS_VRSN_CD1	NULL	NULL				NULL		TRUE	
ICD_DGNS_VRSN_CD10	NULL	NULL				NULL		TRUE	
ICD_DGNS_VRSN_CD11	NULL	NULL				NULL		TRUE	
ICD_DGNS_VRSN_CD12	NULL	NULL				NULL		TRUE	
ICD_DGNS_VRSN_CD13	NULL	NULL			NULL	NULL	NULL	TRUE	
ICD_DGNS_VRSN_CD14	NULL	NULL			NULL	NULL	NULL	TRUE	
ICD_DGNS_VRSN_CD15	NULL	NULL			NULL	NULL	NULL	TRUE	
ICD_DGNS_VRSN_CD16	NULL	NULL			NULL	NULL	NULL	TRUE	
ICD_DGNS_VRSN_CD17	NULL	NULL			NULL	NULL	NULL	TRUE	
ICD_DGNS_VRSN_CD18	NULL	NULL			NULL	NULL	NULL	TRUE	
ICD_DGNS_VRSN_CD19	NULL	NULL			NULL	NULL	NULL	TRUE	
ICD_DGNS_VRSN_CD2	NULL	NULL				NULL		TRUE	
ICD_DGNS_VRSN_CD20	NULL	NULL			NULL	NULL	NULL	TRUE	
ICD_DGNS_VRSN_CD21	NULL	NULL			NULL	NULL	NULL	TRUE	
ICD_DGNS_VRSN_CD22	NULL	NULL			NULL	NULL	NULL	TRUE	
ICD_DGNS_VRSN_CD23	NULL	NULL			NULL	NULL	NULL	TRUE	
ICD_DGNS_VRSN_CD24	NULL	NULL			NULL	NULL	NULL	TRUE	
ICD_DGNS_VRSN_CD25	NULL	NULL			NULL	NULL	NULL	TRUE	
ICD_DGNS_VRSN_CD3	NULL	NULL				NULL		TRUE	
ICD_DGNS_VRSN_CD4	NULL	NULL				NULL		TRUE	
ICD_DGNS_VRSN_CD5	NULL	NULL				NULL		TRUE	
ICD_DGNS_VRSN_CD6	NULL	NULL				NULL		TRUE	
ICD_DGNS_VRSN_CD7	NULL	NULL				NULL		TRUE	
ICD_DGNS_VRSN_CD8	NULL	NULL				NULL		TRUE	
ICD_DGNS_VRSN_CD9	NULL	NULL				NULL		TRUE	
ICD_PRCDR_CD1	NULL	NULL			NULL	NULL	NULL	TRUE	
ICD_PRCDR_CD10	NULL	NULL			NULL	NULL	NULL	TRUE	
ICD_PRCDR_CD11	NULL	NULL			NULL	NULL	NULL	TRUE	
ICD_PRCDR_CD12	NULL	NULL			NULL	NULL	NULL	TRUE	
ICD_PRCDR_CD13	NULL	NULL			NULL	NULL	NULL	TRUE	
ICD_PRCDR_CD14	NULL	NULL			NULL	NULL	NULL	TRUE	
ICD_PRCDR_CD15	NULL	NULL			NULL	NULL	NULL	TRUE	
ICD_PRCDR_CD16	NULL	NULL			NULL	NULL	NULL	TRUE	
ICD_PRCDR_CD17	NULL	NULL			NULL	NULL	NULL	TRUE	
ICD_PRCDR_CD18	NULL	NULL			NULL	NULL	NULL	TRUE	
ICD_PRCDR_CD19	NULL	NULL			NULL	NULL	NULL	TRUE	
ICD_PRCDR_CD2	NULL	NULL			NULL	NULL	NULL	TRUE	
ICD_PRCDR_CD20	NULL	NULL			NULL	NULL	NULL	TRUE	
ICD_PRCDR_CD21	NULL	NULL			NULL	NULL	NULL	TRUE	
ICD_PRCDR_CD22	NULL	NULL			NULL	NULL	NULL	TRUE	
ICD_PRCDR_CD23	NULL	NULL			NULL	NULL	NULL	TRUE	
ICD_PRCDR_CD24	NULL	NULL			NULL	NULL	NULL	TRUE	
ICD_PRCDR_CD25	NULL	NULL			NULL	NULL	NULL	TRUE	
ICD_PRCDR_CD3	NULL	NULL			NULL	NULL	NULL	TRUE	
ICD_PRCDR_CD4	NULL	NULL			NULL	NULL	NULL	TRUE	
ICD_PRCDR_CD5	NULL	NULL			NULL	NULL	NULL	TRUE	
ICD_PRCDR_CD6	NULL	NULL			NULL	NULL	NULL	TRUE	
ICD_PRCDR_CD7	NULL	NULL			NULL	NULL	NULL	TRUE	
ICD_PRCDR_CD8	NULL	NULL			NULL	NULL	NULL	TRUE	
ICD_PRCDR_CD9	NULL	NULL			NULL	NULL	NULL	TRUE	
ICD_PRCDR_VRSN_CD1	NULL	NULL			NULL	NULL	NULL	TRUE	
ICD_PRCDR_VRSN_CD10	NULL	NULL			NULL	NULL	NULL	TRUE	
ICD_PRCDR_VRSN_CD11	NULL	NULL			NULL	NULL	NULL	TRUE	
ICD_PRCDR_VRSN_CD12	NULL	NULL			NULL	NULL	NULL	TRUE	
ICD_PRCDR_VRSN_CD13	NULL	NULL			NULL	NULL	NULL	TRUE	
ICD_PRCDR_VRSN_CD14	NULL	NULL			NULL	NULL	NULL	TRUE	
ICD_PRCDR_VRSN_CD15	NULL	NULL			NULL	NULL	NULL	TRUE	
ICD_PRCDR_VRSN_CD16	NULL	NULL			NULL	NULL	NULL	TRUE	
ICD_PRCDR_VRSN_CD17	NULL	NULL			NULL	NULL	NULL	TRUE	
ICD_PRCDR_VRSN_CD18	NULL	NULL			NULL	NULL	NULL	TRUE	
ICD_PRCDR_VRSN_CD19	NULL	NULL			NULL	NULL	NULL	TRUE	
ICD_PRCDR_VRSN_CD2	NULL	NULL			NULL	NULL	NULL	TRUE	
ICD_PRCDR_VRSN_CD20	NULL	NULL			NULL	NULL	NULL	TRUE	
ICD_PRCDR_VRSN_CD21	NULL	NULL			NULL	NULL	NULL	TRUE	
ICD_PRCDR_VRSN_CD22	NULL	NULL			NULL	NULL	NULL	TRUE	
ICD_PRCDR_VRSN_CD23	NULL	NULL			NULL	NULL	NULL	TRUE	
ICD_PRCDR_VRSN_CD24	NULL	NULL			NULL	NULL	NULL	TRUE	
ICD_PRCDR_VRSN_CD25	NULL	NULL			NULL	NULL	NULL	TRUE	
ICD_PRCDR_VRSN_CD3	NULL	NULL			NULL	NULL	NULL	TRUE	
ICD_PRCDR_VRSN_CD4	NULL	NULL			NULL	NULL	NULL	TRUE	
ICD_PRCDR_VRSN_CD5	NULL	NULL			NULL	NULL	NULL	TRUE	
ICD_PRCDR_VRSN_CD6	NULL	NULL			NULL	NULL	NULL	TRUE	
ICD_PRCDR_VRSN_CD7	NULL	NULL			NULL	NULL	NULL	TRUE	
ICD_PRCDR_VRSN_CD8	NULL	NULL			NULL	NULL	NULL	TRUE	
ICD_PRCDR_VRSN_CD9	NULL	NULL			NULL	NULL	NULL	TRUE	
LINE_1ST_EXPNS_DT	NULL	NULL	NULL	NULL		NULL		TRUE	
LINE_BENE_PRMRY_PYR_CD	NULL	NULL	NULL	NULL		NULL		TRUE	
LINE_HCT_HGB_TYPE_CD	NULL	NULL	NULL	NULL		NULL		TRUE	
LINE_ICD_DGNS_CD	NULL	NULL	NULL	NULL		NULL		TRUE	
LINE_ICD_DGNS_VRSN_CD	NULL	NULL	NULL	NULL		NULL		TRUE	
LINE_LAST_EXPNS_DT	NULL	NULL	NULL	NULL		NULL		TRUE	
LINE_NDC_CD	NULL	NULL	NULL	NULL		NULL		TRUE	
LINE_PMT_80_100_CD	NULL	NULL	NULL	NULL		NULL		TRUE	
LINE_PRCSG_IND_CD	NULL	NULL	NULL	NULL		NULL		TRUE	
LINE_SERVICE_DEDUCTIBLE	NULL	NULL	NULL	NULL		NULL		TRUE	
MBI_BGN_RSN_CD	NULL	NULL	NULL	NULL	NULL	NULL	NULL	TRUE	
MBI_CARD_RQST_DT	NULL	NULL	NULL	NULL	NULL	NULL	NULL	TRUE	
MBI_EFCTV_BGN_DT	NULL	NULL	NULL	NULL	NULL	NULL	NULL	TRUE	
MBI_EFCTV_END_DT	NULL	NULL	NULL	NULL	NULL	NULL	NULL	TRUE	
MBI_END_RSN_CD	NULL	NULL	NULL	NULL	NULL	NULL	NULL	TRUE	
MBI_NUM			NULL	NULL	NULL	NULL	NULL	TRUE	
MBI_SQNC_NUM	NULL	NULL	NULL	NULL	NULL	NULL	NULL	TRUE	
MDCR_ENTLMT_BUYIN_1_IND		NULL	NULL	NULL	NULL	NULL	NULL	TRUE	
MDCR_ENTLMT_BUYIN_10_IND		NULL	NULL	NULL	NULL	NULL	NULL	TRUE	
MDCR_ENTLMT_BUYIN_11_IND		NULL	NULL	NULL	NULL	NULL	NULL	TRUE	
MDCR_ENTLMT_BUYIN_12_IND		NULL	NULL	NULL	NULL	NULL	NULL	TRUE	
MDCR_ENTLMT_BUYIN_2_IND		NULL	NULL	NULL	NULL	NULL	NULL	TRUE	
MDCR_ENTLMT_BUYIN_3_IND		NULL	NULL	NULL	NULL	NULL	NULL	TRUE	
MDCR_ENTLMT_BUYIN_4_IND		NULL	NULL	NULL	NULL	NULL	NULL	TRUE	
MDCR_ENTLMT_BUYIN_5_IND		NULL	NULL	NULL	NULL	NULL	NULL	TRUE	
MDCR_ENTLMT_BUYIN_6_IND		NULL	NULL	NULL	NULL	NULL	NULL	TRUE	
MDCR_ENTLMT_BUYIN_7_IND		NULL	NULL	NULL	NULL	NULL	NULL	TRUE	
MDCR_ENTLMT_BUYIN_8_IND		NULL	NULL	NULL	NULL	NULL	NULL	TRUE	
MDCR_ENTLMT_BUYIN_9_IND		NULL	NULL	NULL	NULL	NULL	NULL	TRUE	
MDCR_STUS_APR_CD		NULL	NULL	NULL	NULL	NULL	NULL	TRUE	
MDCR_STUS_AUG_CD		NULL	NULL	NULL	NULL	NULL	NULL	TRUE	
MDCR_STUS_DEC_CD		NULL	NULL	NULL	NULL	NULL	NULL	TRUE	
MDCR_STUS_FEB_CD		NULL	NULL	NULL	NULL	NULL	NULL	TRUE	
MDCR_STUS_JAN_CD		NULL	NULL	NULL	NULL	NULL	NULL	TRUE	
MDCR_STUS_JUL_CD		NULL	NULL	NULL	NULL	NULL	NULL	TRUE	
MDCR_STUS_JUN_CD		NULL	NULL	NULL	NULL	NULL	NULL	TRUE	
MDCR_STUS_MAR_CD		NULL	NULL	NULL	NULL	NULL	NULL	TRUE	
MDCR_STUS_MAY_CD		NULL	NULL	NULL	NULL	NULL	NULL	TRUE	
MDCR_STUS_NOV_CD		NULL	NULL	NULL	NULL	NULL	NULL	TRUE	
MDCR_STUS_OCT_CD		NULL	NULL	NULL	NULL	NULL	NULL	TRUE	
MDCR_STUS_SEPT_CD		NULL	NULL	NULL	NULL	NULL	NULL	TRUE	
META_DUAL_ELGBL_STUS_APR_CD		NULL	NULL	NULL	NULL	NULL	NULL	TRUE	
META_DUAL_ELGBL_STUS_AUG_CD		NULL	NULL	NULL	NULL	NULL	NULL	TRUE	
META_DUAL_ELGBL_STUS_DEC_CD		NULL	NULL	NULL	NULL	NULL	NULL	TRUE	
META_DUAL_ELGBL_STUS_FEB_CD		NULL	NULL	NULL	NULL	NULL	NULL	TRUE	
META_DUAL_ELGBL_STUS_JAN_CD		NULL	NULL	NULL	NULL	NULL	NULL	TRUE	
META_DUAL_ELGBL_STUS_JUL_CD		NULL	NULL	NULL	NULL	NULL	NULL	TRUE	
META_DUAL_ELGBL_STUS_JUN_CD		NULL	NULL	NULL	NULL	NULL	NULL	TRUE	
META_DUAL_ELGBL_STUS_MAR_CD		NULL	NULL	NULL	NULL	NULL	NULL	TRUE	
META_DUAL_ELGBL_STUS_MAY_CD		NULL	NULL	NULL	NULL	NULL	NULL	TRUE	
META_DUAL_ELGBL_STUS_NOV_CD		NULL	NULL	NULL	NULL	NULL	NULL	TRUE	
META_DUAL_ELGBL_STUS_OCT_CD		NULL	NULL	NULL	NULL	NULL	NULL	TRUE	
META_DUAL_ELGBL_STUS_SEPT_CD		NULL	NULL	NULL	NULL	NULL	NULL	TRUE	
NCH_ACTV_OR_CVRD_LVL_CARE_THRU	NULL	NULL		NULL	NULL	NULL	NULL	TRUE	
NCH_BENE_DSCHRG_DT	NULL	NULL		NULL	NULL	NULL	NULL	TRUE	
NCH_BENE_MDCR_BNFTS_EXHTD_DT_I	NULL	NULL		NULL	NULL	NULL	NULL	TRUE	
NCH_PRMRY_PYR_CD	NULL	NULL			NULL	NULL	NULL	TRUE	
NCH_PTNT_STATUS_IND_CD	NULL	NULL		NULL	NULL	NULL	NULL	TRUE	
NCH_QLFYD_STAY_FROM_DT	NULL	NULL	NULL	NULL	NULL	NULL	NULL	TRUE	
NCH_QLFYD_STAY_THRU_DT	NULL	NULL	NULL	NULL	NULL	NULL	NULL	TRUE	
NCH_VRFD_NCVRD_STAY_FROM_DT	NULL	NULL		NULL	NULL	NULL	NULL	TRUE	
NCH_VRFD_NCVRD_STAY_THRU_DT	NULL	NULL		NULL	NULL	NULL	NULL	TRUE	
NSTD_FRMT_CD	NULL	NULL	NULL	NULL	NULL		NULL	TRUE	
OP_PHYSN_NPI	NULL	NULL			NULL	NULL	NULL	TRUE	
OP_PHYSN_UPIN	NULL	NULL			NULL	NULL	NULL	TRUE	
ORG_NPI_NUM	NULL	NULL				NULL	NULL	TRUE	
OT_PHYSN_NPI	NULL	NULL			NULL	NULL	NULL	TRUE	
OT_PHYSN_UPIN	NULL	NULL			NULL	NULL	NULL	TRUE	
PD_DT	NULL	NULL	NULL	NULL	NULL		NULL	TRUE	
PLAN_CVRG_MO_CNT		NULL	NULL	NULL	NULL	NULL	NULL	TRUE	
PRCDR_DT1	NULL	NULL			NULL	NULL	NULL	TRUE	
PRCDR_DT10	NULL	NULL			NULL	NULL	NULL	TRUE	
PRCDR_DT11	NULL	NULL			NULL	NULL	NULL	TRUE	
PRCDR_DT12	NULL	NULL			NULL	NULL	NULL	TRUE	
PRCDR_DT13	NULL	NULL			NULL	NULL	NULL	TRUE	
PRCDR_DT14	NULL	NULL			NULL	NULL	NULL	TRUE	
PRCDR_DT15	NULL	NULL			NULL	NULL	NULL	TRUE	
PRCDR_DT16	NULL	NULL			NULL	NULL	NULL	TRUE	
PRCDR_DT17	NULL	NULL			NULL	NULL	NULL	TRUE	
PRCDR_DT18	NULL	NULL			NULL	NULL	NULL	TRUE	
PRCDR_DT19	NULL	NULL			NULL	NULL	NULL	TRUE	
PRCDR_DT2	NULL	NULL			NULL	NULL	NULL	TRUE	
PRCDR_DT20	NULL	NULL			NULL	NULL	NULL	TRUE	
PRCDR_DT21	NULL	NULL			NULL	NULL	NULL	TRUE	
PRCDR_DT22	NULL	NULL			NULL	NULL	NULL	TRUE	
PRCDR_DT23	NULL	NULL			NULL	NULL	NULL	TRUE	
PRCDR_DT24	NULL	NULL			NULL	NULL	NULL	TRUE	
PRCDR_DT25	NULL	NULL			NULL	NULL	NULL	TRUE	
PRCDR_DT3	NULL	NULL			NULL	NULL	NULL	TRUE	
PRCDR_DT4	NULL	NULL			NULL	NULL	NULL	TRUE	
PRCDR_DT5	NULL	NULL			NULL	NULL	NULL	TRUE	
PRCDR_DT6	NULL	NULL			NULL	NULL	NULL	TRUE	
PRCDR_DT7	NULL	NULL			NULL	NULL	NULL	TRUE	
PRCDR_DT8	NULL	NULL			NULL	NULL	NULL	TRUE	
PRCDR_DT9	NULL	NULL			NULL	NULL	NULL	TRUE	
PRCNG_EXCPTN_CD	NULL	NULL	NULL	NULL	NULL		NULL	TRUE	
PRF_PHYSN_NPI	NULL	NULL	NULL	NULL		NULL	NULL	TRUE	
PRF_PHYSN_UPIN	NULL	NULL	NULL	NULL		NULL	NULL	TRUE	
PRNCPAL_DGNS_CD	NULL	NULL				NULL		TRUE	
PRNCPAL_DGNS_VRSN_CD	NULL	NULL				NULL		TRUE	
PRTCPTNG_IND_CD	NULL	NULL	NULL	NULL		NULL		TRUE	
PRVDR_NPI	NULL	NULL	NULL	NULL	NULL	NULL		TRUE	
PRVDR_SPCLTY	NULL	NULL	NULL	NULL		NULL		TRUE	
PRVDR_ZIP	NULL	NULL	NULL	NULL		NULL	NULL	TRUE	
PTC_CNTRCT_APR_ID		NULL	NULL	NULL	NULL	NULL	NULL	TRUE	
PTC_CNTRCT_AUG_ID		NULL	NULL	NULL	NULL	NULL	NULL	TRUE	
PTC_CNTRCT_DEC_ID		NULL	NULL	NULL	NULL	NULL	NULL	TRUE	
PTC_CNTRCT_FEB_ID		NULL	NULL	NULL	NULL	NULL	NULL	TRUE	
PTC_CNTRCT_JAN_ID		NULL	NULL	NULL	NULL	NULL	NULL	TRUE	
PTC_CNTRCT_JUL_ID		NULL	NULL	NULL	NULL	NULL	NULL	TRUE	
PTC_CNTRCT_JUN_ID		NULL	NULL	NULL	NULL	NULL	NULL	TRUE	
PTC_CNTRCT_MAR_ID		NULL	NULL	NULL	NULL	NULL	NULL	TRUE	
PTC_CNTRCT_MAY_ID		NULL	NULL	NULL	NULL	NULL	NULL	TRUE	
PTC_CNTRCT_NOV_ID		NULL	NULL	NULL	NULL	NULL	NULL	TRUE	
PTC_CNTRCT_OCT_ID		NULL	NULL	NULL	NULL	NULL	NULL	TRUE	
PTC_CNTRCT_SEPT_ID		NULL	NULL	NULL	NULL	NULL	NULL	TRUE	
PTC_PBP_APR_ID		NULL	NULL	NULL	NULL	NULL	NULL	TRUE	
PTC_PBP_AUG_ID		NULL	NULL	NULL	NULL	NULL	NULL	TRUE	
PTC_PBP_DEC_ID		NULL	NULL	NULL	NULL	NULL	NULL	TRUE	
PTC_PBP_FEB_ID		NULL	NULL	NULL	NULL	NULL	NULL	TRUE	
PTC_PBP_JAN_ID		NULL	NULL	NULL	NULL	NULL	NULL	TRUE	
PTC_PBP_JUL_ID		NULL	NULL	NULL	NULL	NULL	NULL	TRUE	
PTC_PBP_JUN_ID		NULL	NULL	NULL	NULL	NULL	NULL	TRUE	
PTC_PBP_MAR_ID		NULL	NULL	NULL	NULL	NULL	NULL	TRUE	
PTC_PBP_MAY_ID		NULL	NULL	NULL	NULL	NULL	NULL	TRUE	
PTC_PBP_NOV_ID		NULL	NULL	NULL	NULL	NULL	NULL	TRUE	
PTC_PBP_OCT_ID		NULL	NULL	NULL	NULL	NULL	NULL	TRUE	
PTC_PBP_SEPT_ID		NULL	NULL	NULL	NULL	NULL	NULL	TRUE	
PTC_PLAN_TYPE_APR_CD		NULL	NULL	NULL	NULL	NULL	NULL	TRUE	
PTC_PLAN_TYPE_AUG_CD		NULL	NULL	NULL	NULL	NULL	NULL	TRUE	
PTC_PLAN_TYPE_DEC_CD		NULL	NULL	NULL	NULL	NULL	NULL	TRUE	
PTC_PLAN_TYPE_FEB_CD		NULL	NULL	NULL	NULL	NULL	NULL	TRUE	
PTC_PLAN_TYPE_JAN_CD		NULL	NULL	NULL	NULL	NULL	NULL	TRUE	
PTC_PLAN_TYPE_JUL_CD		NULL	NULL	NULL	NULL	NULL	NULL	TRUE	
PTC_PLAN_TYPE_JUN_CD		NULL	NULL	NULL	NULL	NULL	NULL	TRUE	
PTC_PLAN_TYPE_MAR_CD		NULL	NULL	NULL	NULL	NULL	NULL	TRUE	
PTC_PLAN_TYPE_MAY_CD		NULL	NULL	NULL	NULL	NULL	NULL	TRUE	
PTC_PLAN_TYPE_NOV_CD		NULL	NULL	NULL	NULL	NULL	NULL	TRUE	
PTC_PLAN_TYPE_OCT_CD		NULL	NULL	NULL	NULL	NULL	NULL	TRUE	
PTC_PLAN_TYPE_SEPT_CD		NULL	NULL	NULL	NULL	NULL	NULL	TRUE	
PTD_CNTRCT_APR_ID		NULL	NULL	NULL	NULL	NULL	NULL	TRUE	
PTD_CNTRCT_AUG_ID		NULL	NULL	NULL	NULL	NULL	NULL	TRUE	
PTD_CNTRCT_DEC_ID		NULL	NULL	NULL	NULL	NULL	NULL	TRUE	
PTD_CNTRCT_FEB_ID		NULL	NULL	NULL	NULL	NULL	NULL	TRUE	
PTD_CNTRCT_JAN_ID		NULL	NULL	NULL	NULL	NULL	NULL	TRUE	
PTD_CNTRCT_JUL_ID		NULL	NULL	NULL	NULL	NULL	NULL	TRUE	
PTD_CNTRCT_JUN_ID		NULL	NULL	NULL	NULL	NULL	NULL	TRUE	
PTD_CNTRCT_MAR_ID		NULL	NULL	NULL	NULL	NULL	NULL	TRUE	
PTD_CNTRCT_MAY_ID		NULL	NULL	NULL	NULL	NULL	NULL	TRUE	
PTD_CNTRCT_NOV_ID		NULL	NULL	NULL	NULL	NULL	NULL	TRUE	
PTD_CNTRCT_OCT_ID		NULL	NULL	NULL	NULL	NULL	NULL	TRUE	
PTD_CNTRCT_SEPT_ID		NULL	NULL	NULL	NULL	NULL	NULL	TRUE	
PTD_PBP_APR_ID		NULL	NULL	NULL	NULL	NULL	NULL	TRUE	
PTD_PBP_AUG_ID		NULL	NULL	NULL	NULL	NULL	NULL	TRUE	
PTD_PBP_DEC_ID		NULL	NULL	NULL	NULL	NULL	NULL	TRUE	
PTD_PBP_FEB_ID		NULL	NULL	NULL	NULL	NULL	NULL	TRUE	
PTD_PBP_JAN_ID		NULL	NULL	NULL	NULL	NULL	NULL	TRUE	
PTD_PBP_JUL_ID		NULL	NULL	NULL	NULL	NULL	NULL	TRUE	
PTD_PBP_JUN_ID		NULL	NULL	NULL	NULL	NULL	NULL	TRUE	
PTD_PBP_MAR_ID		NULL	NULL	NULL	NULL	NULL	NULL	TRUE	
PTD_PBP_MAY_ID		NULL	NULL	NULL	NULL	NULL	NULL	TRUE	
PTD_PBP_NOV_ID		NULL	NULL	NULL	NULL	NULL	NULL	TRUE	
PTD_PBP_OCT_ID		NULL	NULL	NULL	NULL	NULL	NULL	TRUE	
PTD_PBP_SEPT_ID		NULL	NULL	NULL	NULL	NULL	NULL	TRUE	
PTD_SGMT_APR_ID		NULL	NULL	NULL	NULL	NULL	NULL	TRUE	
PTD_SGMT_AUG_ID		NULL	NULL	NULL	NULL	NULL	NULL	TRUE	
PTD_SGMT_DEC_ID		NULL	NULL	NULL	NULL	NULL	NULL	TRUE	
PTD_SGMT_FEB_ID		NULL	NULL	NULL	NULL	NULL	NULL	TRUE	
PTD_SGMT_JAN_ID		NULL	NULL	NULL	NULL	NULL	NULL	TRUE	
PTD_SGMT_JUL_ID		NULL	NULL	NULL	NULL	NULL	NULL	TRUE	
PTD_SGMT_JUN_ID		NULL	NULL	NULL	NULL	NULL	NULL	TRUE	
PTD_SGMT_MAR_ID		NULL	NULL	NULL	NULL	NULL	NULL	TRUE	
PTD_SGMT_MAY_ID		NULL	NULL	NULL	NULL	NULL	NULL	TRUE	
PTD_SGMT_NOV_ID		NULL	NULL	NULL	NULL	NULL	NULL	TRUE	
PTD_SGMT_OCT_ID		NULL	NULL	NULL	NULL	NULL	NULL	TRUE	
PTD_SGMT_SEPT_ID		NULL	NULL	NULL	NULL	NULL	NULL	TRUE	
RDS_APR_IND		NULL	NULL	NULL	NULL	NULL	NULL	TRUE	
RDS_AUG_IND		NULL	NULL	NULL	NULL	NULL	NULL	TRUE	
RDS_DEC_IND		NULL	NULL	NULL	NULL	NULL	NULL	TRUE	
RDS_FEB_IND		NULL	NULL	NULL	NULL	NULL	NULL	TRUE	
RDS_JAN_IND		NULL	NULL	NULL	NULL	NULL	NULL	TRUE	
RDS_JUL_IND		NULL	NULL	NULL	NULL	NULL	NULL	TRUE	
RDS_JUN_IND		NULL	NULL	NULL	NULL	NULL	NULL	TRUE	
RDS_MAR_IND		NULL	NULL	NULL	NULL	NULL	NULL	TRUE	
RDS_MAY_IND		NULL	NULL	NULL	NULL	NULL	NULL	TRUE	
RDS_MO_CNT		NULL	NULL	NULL	NULL	NULL	NULL	TRUE	
RDS_NOV_IND		NULL	NULL	NULL	NULL	NULL	NULL	TRUE	
RDS_OCT_IND		NULL	NULL	NULL	NULL	NULL	NULL	TRUE	
RDS_SEPT_IND		NULL	NULL	NULL	NULL	NULL	NULL	TRUE	
REV_CNTR_1ST_ANSI_CD	NULL	NULL	NULL		NULL	NULL	NULL	TRUE	
REV_CNTR_2ND_ANSI_CD	NULL	NULL	NULL		NULL	NULL	NULL	TRUE	
REV_CNTR_3RD_ANSI_CD	NULL	NULL	NULL		NULL	NULL	NULL	TRUE	
REV_CNTR_4TH_ANSI_CD	NULL	NULL	NULL		NULL	NULL	NULL	TRUE	
REV_CNTR_APC_HIPPS_CD	NULL	NULL	NULL		NULL	NULL	NULL	TRUE	
REV_CNTR_DDCTBL_COINSRNC_CD	NULL	NULL		NULL	NULL	NULL	NULL	TRUE	
REV_CNTR_DSCNT_IND_CD	NULL	NULL	NULL		NULL	NULL	NULL	TRUE	
REV_CNTR_DT	NULL	NULL	NULL		NULL	NULL	NULL	TRUE	
REV_CNTR_IDE_NDC_UPC_NUM	NULL	NULL	NULL		NULL	NULL	NULL	TRUE	
REV_CNTR_NDC_QTY_QLFR_CD	NULL	NULL			NULL	NULL	NULL	TRUE	
REV_CNTR_OTAF_PMT_CD	NULL	NULL	NULL		NULL	NULL	NULL	TRUE	
REV_CNTR_PACKG_IND_CD	NULL	NULL	NULL		NULL	NULL	NULL	TRUE	
REV_CNTR_PMT_MTHD_IND_CD	NULL	NULL	NULL		NULL	NULL	NULL	TRUE	
REV_CNTR_STUS_IND_CD	NULL	NULL	NULL		NULL	NULL	NULL	TRUE	
RFR_PHYSN_NPI	NULL	NULL	NULL	NULL		NULL		TRUE	
RFR_PHYSN_UPIN	NULL	NULL	NULL	NULL		NULL		TRUE	
RFRNC_YR		NULL	NULL	NULL	NULL	NULL	NULL	TRUE	
RNDRNG_PHYSN_NPI	NULL	NULL			NULL	NULL	NULL	TRUE	
RNDRNG_PHYSN_UPIN	NULL	NULL			NULL	NULL	NULL	TRUE	
RSN_VISIT_CD1	NULL	NULL	NULL		NULL	NULL	NULL	TRUE	
RSN_VISIT_CD2	NULL	NULL	NULL		NULL	NULL	NULL	TRUE	
RSN_VISIT_CD3	NULL	NULL	NULL		NULL	NULL	NULL	TRUE	
RSN_VISIT_VRSN_CD1	NULL	NULL	NULL		NULL	NULL	NULL	TRUE	
RSN_VISIT_VRSN_CD2	NULL	NULL	NULL		NULL	NULL	NULL	TRUE	
RSN_VISIT_VRSN_CD3	NULL	NULL	NULL		NULL	NULL	NULL	TRUE	
RTI_RACE_CD		NULL	NULL	NULL	NULL	NULL	NULL	TRUE	
RX_ORGN_CD	NULL	NULL	NULL	NULL	NULL		NULL	TRUE	
SAMPLE_GROUP		NULL	NULL	NULL	NULL	NULL	NULL	TRUE	
SUBMSN_CLR_CD	NULL	NULL	NULL	NULL	NULL		NULL	TRUE	
UPDT_TS	NULL	NULL	NULL	NULL	NULL	NULL	NULL	TRUE	
UPDT_USER_ID	NULL	NULL	NULL	NULL	NULL	NULL	NULL	TRUE	
V_DOD_SW		NULL	NULL	NULL	NULL	NULL	NULL	TRUE	